<?xml version = "1.0" encoding = "utf-8"?>
<!DOCTYPE hibernate-mapping PUBLIC 
"-//Hibernate/Hibernate Mapping DTD//EN"
"http://www.hibernate.org/dtd/hibernate-mapping-3.0.dtd"> 

<hibernate-mapping>
   <class name = "com.jcg.spring.hibernate.pojo.Exam" table = "result">
      
      <meta attribute = "class-description">
         This class contains the exam detail. 
      </meta>
     <id name = "id" type = "int" column = "id">
         <generator class="native"/>
      </id>
              
      <property name = "eid" column = "eid" type = "string"/>
      <property name = "marks" column = "marks" type = "string"/>
      <property name = "code" column = "code" type = "string"/>
      <property name = "date" column = "date" type = "string"/>
      
 
      
      
   </class>
</hibernate-mapping>